<?xml version="1.0" encoding="UTF-8"?>
<project-private xmlns="http://www.netbeans.org/ns/project-private/1">
    <editor-bookmarks xmlns="http://www.netbeans.org/ns/editor-bookmarks/2" lastBookmarkId="0"/>
    <open-files xmlns="http://www.netbeans.org/ns/projectui-open-files/2">
        <group>
            <file>file:/C:/Users/trant/Documents/NetBeansProjects/TH_UDP/src/bai802/UDPClient.java</file>
            <file>file:/C:/Users/trant/Documents/NetBeansProjects/TH_UDP/src/bai931/931.JPG</file>
            <file>file:/C:/Users/trant/Documents/NetBeansProjects/TH_UDP/src/bai931/UDPClient.java</file>
            <file>file:/C:/Users/trant/Documents/NetBeansProjects/TH_UDP/src/bai932/UDPClient.java</file>
            <file>file:/C:/Users/trant/Documents/NetBeansProjects/TH_UDP/src/bai802/802(1).JPG</file>
            <file>file:/C:/Users/trant/Documents/NetBeansProjects/TH_UDP/src/bai932/932(1).JPG</file>
        </group>
    </open-files>
</project-private>
