<?xml version="1.0" encoding="UTF-8"?><!--
        *** GENERATED FROM jax-ws.xml - DO NOT EDIT !                             ***
        *** TO MODIFY wsimport options USE Web Service node -> Edit WS Attributes ***
        *** TO CHANGE TARGETS GENERATED TO jaxws-build.xml COPY THOSE             ***
        *** TARGETS TO ../build.xml AND MODIFY THAT FILE INSTEAD                  ***

        --><project xmlns:xalan="http://xml.apache.org/xslt" xmlns:j2seproject3="http://www.netbeans.org/ns/j2se-project/3" xmlns:jaxws="http://www.netbeans.org/ns/jax-ws/1">
    <!--
                ===================
                JAX-WS WSIMPORT SECTION
                ===================
            -->
    <target name="wsimport-init" depends="init">
        <mkdir dir="${build.generated.sources.dir}/jax-ws"/>
        <taskdef name="wsimport" classname="com.sun.tools.ws.ant.WsImport">
            <classpath path="${libs.jaxws21.classpath}"/>
        </taskdef>
    </target>
    <target name="wsimport-client-Num" depends="wsimport-init">
        <mkdir dir="${build.generated.dir}/jax-wsCache/Num"/>
        <property name="wsdl-Num" location="xml-resources/web-service-references/Num/wsdl/203.162.10.109_8080/NumService/Num.wsdl"/>
        <wsimport sourcedestdir="${build.generated.dir}/jax-wsCache/Num" destdir="${build.generated.dir}/jax-wsCache/Num" wsdl="${wsdl-Num}" catalog="catalog.xml" encoding="${source.encoding}" extension="true" verbose="true" fork="false" wsdlLocation="http://203.162.10.109:8080/NumService/Num?wsdl" xnocompile="true" xendorsed="true" package="ws">
            <depends file="${wsdl-Num}"/>
            <produces dir="${build.generated.dir}/jax-wsCache/Num"/>
        </wsimport>
        <copy todir="${build.generated.sources.dir}/jax-ws">
            <fileset dir="${build.generated.dir}/jax-wsCache/Num">
                <include name="**/*.java"/>
            </fileset>
        </copy>
    </target>
    <target name="wsimport-client-clean-Num" depends="-init-project">
        <delete dir="${build.generated.dir}/jax-wsCache/Num"/>
        <delete dir="${build.generated.sources.dir}/jax-ws/ws"/>
    </target>
    <target name="wsimport-client-generate" depends="wsimport-client-Num"/>
</project>
