<?xml version="1.0" encoding="UTF-8"?>
<project-private xmlns="http://www.netbeans.org/ns/project-private/1">
    <editor-bookmarks xmlns="http://www.netbeans.org/ns/editor-bookmarks/2" lastBookmarkId="0"/>
    <open-files xmlns="http://www.netbeans.org/ns/projectui-open-files/2">
        <group>
            <file>file:/D:/Users/admin/Documents/NetBeansProjects1/WS_Product/src/java/WS/Product.java</file>
            <file>file:/D:/Users/admin/Documents/NetBeansProjects1/WS_Product/web/index.html</file>
            <file>file:/D:/Users/admin/Documents/NetBeansProjects1/WS_Product/src/java/WS/WS.java</file>
            <file>file:/D:/Users/admin/Documents/NetBeansProjects1/WS_Product/src/java/WS/WSImpl.java</file>
        </group>
    </open-files>
</project-private>
